{"cameraMode":{"drawMode":0,"name":"Shaded","section":"Shading Mode"},"sceneLighting":false,"audioPlay":false,"sceneViewState":{"showFog":true,"showMaterialUpdate":false,"showSkybox":false,"showFlares":true,"showImageEffects":true,"showParticleSystems":true},"in2DMode":false,"pivot":{"x":-0.0000019073486328125,"y":0.0,"z":1.4901161193847657e-8},"rotation":{"x":0.09259990602731705,"y":-0.8863070011138916,"z":0.20203547179698945,"w":0.40637215971946719},"size":1.110236406326294,"orthographic":false}